id;repayment_id;repayment_ulid_id;repayment_ref_no;accepted_offer_ulid_id;placed_offer_ulid_id;req_off_ulid_id;offer_accepted_date;dbmt_request_id;dbmt_status;dbmt_date_time;dbmt_id;dbmt_amount;currency;repayment_status;repayment_date;repayment_amount;finance_request_id;repayment_due_date;total_repayment_amount;amount_repayed;amount_to_be_paid;source_account_name;source_account_number;ifsc_code;status;reference_number
1;27565;against;thoroughly rubbish quizzically;swoop;beyond adapter;besides layer democracy;2024-03-19;soon;faraway;apud terribly welcome;1839;18930;visible frayed since;chuck solitaire landform;2024-03-19;28592;16367;2024-03-19;likely wearily smoothly;speedily;optimization whoa;footstool ignorant besides;badly;that;evenly legitimate;fat burden
2;19090;these;considering;lest kookily before;out;vie accumulate for;2024-03-20;boo following soggy;over;stalk dry recklessly;9582;31038;for seemingly faithfully;till controvert woot;2024-03-19;19737;19331;2024-03-19;hm geez at;overconfidently;boo;carbonize;blah always serene;shoes;following glamorize yuck;following
3;28459;wry opposite dealing;consequently;greatly tax;candelabra;renounce;2024-03-19;neighbourhood;attractive via cordon;club;6590;14558;boohoo but;mortally embellished phew;2024-03-19;19307;17176;2024-03-20;unlucky;fooey likewise giddy;of before mmm;instantly unimpressively;invoice;effort knottily rightfully;needily;yahoo canine beneath
4;10968;speedily;joshingly jaggedly small;brr nor;save mmm though;pore er cultivated;2024-03-20;cuckoo diligently;actually;stinger fishbone;4893;14223;date recklessly oof;roast drat;2024-03-20;15828;16352;2024-03-20;offensive um powerfully;phooey or concerning;delayed regarding circulation;borrow;duh toward major;quizzically;uh-huh next;now
5;2245;proper for transit;spiffy psst likewise;behaviour pigeonhole tanker;anti variability;smoggy;2024-03-20;next;often thwack;soliloquy who;31541;986;incidentally justly;rappel comfortable;2024-03-20;21405;10559;2024-03-19;meanwhile herring;although anenst;and depressurize;utterly impolite naturally;oh;cheerfully;why underbid tame;hypothermia lest ack
6;19226;reluctantly for supposing;apostrophize compress;murmurings soft incidentally;once failing;from to;2024-03-19;revolving hall retirement;nightgown green;till;27811;26945;where;after fledgling;2024-03-20;14003;29452;2024-03-19;stained likewise;generally heavily phew;who successfully;ew until;so;sadly;inflect gah;misbehave general than
7;4686;carefully since corny;within incompetence;phooey badly lest;productive counteract;suddenly;2024-03-19;infinite ravel yum;isogloss;whoever;2036;10222;blackbird from worriedly;times ouch yahoo;2024-03-19;12539;3864;2024-03-20;unlike worth;unfortunate gunpowder wherever;absent;freely;besides;amid;satisfaction;reinvent
8;14193;exactly kale soon;excited at;vice when;openly revise frightened;aw whether per;2024-03-20;eek ugh;fatally;besides delightfully amid;30258;22386;because gadzooks;broaden resident mushy;2024-03-19;24873;8132;2024-03-19;boldly;tromp shyly fool;spry versus aside;phew backtrack;gee physical amid;briskly aw;raccoon;creamy
9;26871;jealously;blood whoever;strand schmooze fooey;effacement;recklessly deflate warn;2024-03-19;plus;jovially wasteful;how;10604;30325;metamorphose dock comic;aw miserably;2024-03-20;742;18927;2024-03-20;and;anguish;dimly huzzah;but sprag;why;pish so chairlift;transmit raft;cabinet afore osprey
10;11359;although;optimistic voluntarily;kindly yahoo bah;instead elegant productive;provided ew troubled;2024-03-19;scroll exhaust;mystify obnoxiously;hence um;24445;1909;quickly phew;because athletic;2024-03-20;26251;6712;2024-03-19;unwieldy gliding beyond;pfft hm;agile apud icy;soft;yearningly although;which;cauterize concerning;stingy persist
